{"labels": [1], "scores": [0.9998860359191895], "bboxes": [[176.99627685546875, 33.550933837890625, 490.88970947265625, 301.13470458984375]]}