{"labels": [1], "scores": [0.9998434782028198], "bboxes": [[159.0857696533203, 208.7049560546875, 220.60556030273438, 257.04852294921875]]}