{"labels": [2, 2], "scores": [0.998016357421875, 0.98078852891922], "bboxes": [[2753.024169921875, 1668.7423095703125, 2906.259765625, 1734.5628662109375], [3372.072509765625, 1757.7322998046875, 3467.089599609375, 1807.1021728515625]]}