{"labels": [1], "scores": [0.999363362789154], "bboxes": [[207.47186279296875, 302.0169677734375, 290.1795654296875, 339.7272033691406]]}