{"labels": [1, 1], "scores": [0.9998168349266052, 0.9997579455375671], "bboxes": [[166.3870086669922, 119.5546875, 242.56051635742188, 162.16920471191406], [258.56243896484375, 139.84341430664062, 333.6676940917969, 174.89224243164062]]}