{"labels": [1], "scores": [0.9994749426841736], "bboxes": [[136.86216735839844, 217.42555236816406, 172.65945434570312, 246.5773162841797]]}