{"labels": [1, 1], "scores": [0.9982678890228271, 0.83372563123703], "bboxes": [[273.4778747558594, 251.6356201171875, 330.66314697265625, 275.08062744140625], [213.5284423828125, 230.56344604492188, 227.95166015625, 237.32472229003906]]}