{"labels": [1], "scores": [0.999848484992981], "bboxes": [[96.22659301757812, 189.3411407470703, 222.3018035888672, 333.2585144042969]]}