{"labels": [1], "scores": [0.9997660517692566], "bboxes": [[239.86651611328125, 156.44578552246094, 388.37457275390625, 215.23497009277344]]}