{"labels": [2], "scores": [0.9905233979225159], "bboxes": [[1732.393798828125, 952.529296875, 1902.431884765625, 1018.8104248046875]]}