{"labels": [1], "scores": [0.9997928738594055], "bboxes": [[265.90252685546875, 87.80047607421875, 323.5228271484375, 146.8512420654297]]}