{"labels": [1], "scores": [0.9994450211524963], "bboxes": [[307.1871337890625, 136.2632293701172, 356.7447814941406, 158.51759338378906]]}