{"labels": [1, 1], "scores": [0.9993395209312439, 0.9977280497550964], "bboxes": [[345.8505554199219, 251.9765625, 393.5189208984375, 281.4329528808594], [112.00963592529297, 139.45199584960938, 150.41146850585938, 166.8080596923828]]}