{"labels": [1], "scores": [0.9996433258056641], "bboxes": [[151.95700073242188, 205.395263671875, 216.38107299804688, 260.868408203125]]}