{"labels": [2, 2], "scores": [0.9982753992080688, 0.9971948862075806], "bboxes": [[3112.3154296875, 1528.9228515625, 3336.192626953125, 1592.8792724609375], [702.7374267578125, 990.4598999023438, 875.5026245117188, 1051.541015625]]}