{"labels": [1], "scores": [0.9848499298095703], "bboxes": [[334.5957336425781, 146.9357147216797, 354.65948486328125, 156.2948760986328]]}