{"labels": [2], "scores": [0.9988289475440979], "bboxes": [[2314.53076171875, 676.8783569335938, 2493.401611328125, 762.9797973632812]]}