{"labels": [1], "scores": [0.9995841383934021], "bboxes": [[236.92849731445312, 169.76708984375, 286.42437744140625, 204.17965698242188]]}