{"labels": [2, 2, 2], "scores": [0.991021454334259, 0.1560695767402649, 0.057993464171886444], "bboxes": [[3456.375, 1807.9365234375, 3671.591552734375, 1872.1976318359375], [3791.8798828125, 1635.877197265625, 3893.20849609375, 1693.7161865234375], [2996.951416015625, 1689.0909423828125, 3224.319091796875, 1736.3934326171875]]}