{"labels": [1, 1], "scores": [0.9985309839248657, 0.9983596205711365], "bboxes": [[125.72920989990234, 157.81967163085938, 162.9161376953125, 176.23936462402344], [337.8992614746094, 156.6980743408203, 378.2254333496094, 175.7332000732422]]}