{"labels": [2], "scores": [0.9995204210281372], "bboxes": [[3283.843017578125, 1670.6126708984375, 3852.781494140625, 1907.0272216796875]]}