{"labels": [2], "scores": [0.9991998076438904], "bboxes": [[2857.43896484375, 1513.3515625, 3592.440673828125, 1679.0880126953125]]}