{"labels": [1], "scores": [0.998722493648529], "bboxes": [[128.9602508544922, 77.31503295898438, 153.12753295898438, 96.16043090820312]]}