{"labels": [1], "scores": [0.9995326995849609], "bboxes": [[202.57745361328125, 106.0278091430664, 334.61968994140625, 157.9014434814453]]}