{"labels": [1], "scores": [0.9996520280838013], "bboxes": [[255.72412109375, 197.35800170898438, 334.0353088378906, 241.0489501953125]]}