{"labels": [1], "scores": [0.999380350112915], "bboxes": [[282.842041015625, 177.0127716064453, 372.6719665527344, 216.55950927734375]]}