{"labels": [1], "scores": [0.999516487121582], "bboxes": [[236.6702880859375, 149.4250946044922, 344.87939453125, 193.27471923828125]]}