{"labels": [1], "scores": [0.9987660646438599], "bboxes": [[237.4756622314453, 125.11695861816406, 299.2595520019531, 149.89186096191406]]}