{"labels": [2], "scores": [0.9978837370872498], "bboxes": [[3035.02880859375, 1285.0003662109375, 3462.24072265625, 1427.838623046875]]}