{"labels": [1], "scores": [0.9998713731765747], "bboxes": [[135.64198303222656, 201.7559814453125, 532.4319458007812, 356.5795593261719]]}