{"labels": [1], "scores": [0.9993390440940857], "bboxes": [[210.65977478027344, 245.38787841796875, 261.93597412109375, 282.0289611816406]]}