{"labels": [2], "scores": [0.9994032382965088], "bboxes": [[2053.8779296875, 850.179931640625, 2272.57568359375, 933.1302490234375]]}