{"labels": [2], "scores": [0.9904476404190063], "bboxes": [[3331.938720703125, 1358.8681640625, 3552.6318359375, 1482.4586181640625]]}