{"labels": [1], "scores": [0.9997687935829163], "bboxes": [[125.68115997314453, 266.5999755859375, 221.68385314941406, 334.7885437011719]]}