{"labels": [2], "scores": [0.9770932197570801], "bboxes": [[2729.761962890625, 1686.2059326171875, 2838.53955078125, 1724.00244140625]]}