{"labels": [1, 1], "scores": [0.9989573955535889, 0.9988090991973877], "bboxes": [[143.31431579589844, 256.43304443359375, 197.0099639892578, 282.03436279296875], [291.70050048828125, 254.43272399902344, 336.099609375, 277.72698974609375]]}