{"labels": [2], "scores": [0.9990946054458618], "bboxes": [[2471.186767578125, 1661.6002197265625, 2929.814697265625, 1804.208251953125]]}