{"labels": [1], "scores": [0.9999115467071533], "bboxes": [[4.46428918838501, 89.11336517333984, 455.64031982421875, 242.97413635253906]]}