{"labels": [2, 2, 2], "scores": [0.9524450302124023, 0.35880357027053833, 0.06205175444483757], "bboxes": [[2836.9267578125, 1589.683349609375, 3227.701171875, 1704.873046875], [2925.882568359375, 1616.6041259765625, 3137.671142578125, 1700.14501953125], [3415.721435546875, 1478.8701171875, 3581.612548828125, 1534.2718505859375]]}