{"labels": [1], "scores": [0.9999239444732666], "bboxes": [[38.9560432434082, 80.85816955566406, 371.8119812011719, 191.297607421875]]}