{"labels": [1, 1, 1], "scores": [0.9983648657798767, 0.9982220530509949, 0.9967893362045288], "bboxes": [[251.06069946289062, 241.65206909179688, 289.7815246582031, 259.3198547363281], [58.920196533203125, 185.7065887451172, 101.61515808105469, 201.9022216796875], [331.3447265625, 267.9726257324219, 366.4051208496094, 283.9083251953125]]}