{"labels": [2], "scores": [0.5505996346473694], "bboxes": [[5154.58984375, 1530.5074462890625, 5316.14013671875, 1604.5841064453125]]}