{"labels": [1], "scores": [0.999636173248291], "bboxes": [[303.75067138671875, 155.44546508789062, 377.5504150390625, 195.9276885986328]]}