{"labels": [2], "scores": [0.9995858073234558], "bboxes": [[1440.0089111328125, 508.0234680175781, 1670.6536865234375, 634.8167724609375]]}