{"labels": [1], "scores": [0.9997738003730774], "bboxes": [[425.2918395996094, 23.64263153076172, 566.9028930664062, 154.964599609375]]}