{"labels": [1], "scores": [0.9921553730964661], "bboxes": [[86.1507797241211, 311.5395812988281, 114.27637481689453, 326.2638854980469]]}