{"labels": [2, 2, 2, 2, 2], "scores": [0.9987406134605408, 0.7579528093338013, 0.21471232175827026, 0.1267828792333603, 0.07003291696310043], "bboxes": [[2829.6005859375, 1485.1297607421875, 3461.962646484375, 1637.889892578125], [5527.69580078125, 1765.82080078125, 5994.64892578125, 1939.2896728515625], [3494.3671875, 0.0, 3604.15625, 32.16094207763672], [4593.2841796875, 4.279496192932129, 4732.16357421875, 70.34557342529297], [2158.532470703125, 885.3519287109375, 2325.977783203125, 982.3509521484375]]}