{"labels": [2], "scores": [0.9968158602714539], "bboxes": [[2660.53125, 1721.7694091796875, 2829.0048828125, 1771.07470703125]]}