{"labels": [1], "scores": [0.9986116886138916], "bboxes": [[256.4555358886719, 202.3342742919922, 294.5763854980469, 221.36093139648438]]}