{"labels": [2, 2], "scores": [0.9951920509338379, 0.1163250133395195], "bboxes": [[1459.231689453125, 563.7136840820312, 1570.208740234375, 596.8781127929688], [1647.460205078125, 1655.712646484375, 1726.9510498046875, 1695.09716796875]]}