{"labels": [2, 2, 2, 2, 2, 2, 2], "scores": [0.9666378498077393, 0.8193763494491577, 0.5834195017814636, 0.1895052194595337, 0.15523196756839752, 0.15239636600017548, 0.13025479018688202], "bboxes": [[2883.783203125, 1649.9554443359375, 3087.40576171875, 1724.0938720703125], [3687.11279296875, 967.659423828125, 3932.6787109375, 1051.9700927734375], [5117.26123046875, 1693.1090087890625, 5280.87548828125, 1735.13427734375], [3845.260009765625, 900.4645385742188, 4000.914794921875, 968.8649291992188], [247.51283264160156, 980.100341796875, 469.9573669433594, 1049.9549560546875], [3615.194580078125, 947.9937744140625, 4001.2529296875, 1059.5340576171875], [93.25003051757812, 953.910400390625, 620.4418334960938, 1054.7645263671875]]}