{"labels": [2, 2, 2, 2], "scores": [0.9952358603477478, 0.13326473534107208, 0.06674249470233917, 0.06245184689760208], "bboxes": [[2233.1396484375, 1120.7430419921875, 4131.2919921875, 1617.3560791015625], [2256.846923828125, 1239.3087158203125, 3215.525634765625, 1552.86572265625], [7.843169212341309, 2690.58837890625, 145.73028564453125, 2760.017822265625], [2292.2529296875, 1256.8726806640625, 2485.0986328125, 1330.7603759765625]]}