{"labels": [1], "scores": [0.9998849630355835], "bboxes": [[28.803010940551758, 106.17107391357422, 465.80377197265625, 266.4531555175781]]}