{"labels": [1, 1], "scores": [0.9980473518371582, 0.0540115050971508], "bboxes": [[0.0, 200.70005798339844, 1131.8946533203125, 686.7639770507812], [113.89942932128906, 120.98304748535156, 417.3533935546875, 314.8330078125]]}