{"labels": [2, 2], "scores": [0.1377430409193039, 0.05244358628988266], "bboxes": [[0.0, 270.7827453613281, 58.660457611083984, 359.9195251464844], [1228.5186767578125, 499.0951232910156, 1301.453369140625, 548.5659790039062]]}