{"labels": [1, 1, 1, 1], "scores": [0.9998528957366943, 0.9996848106384277, 0.9996046423912048, 0.9995825886726379], "bboxes": [[212.94859313964844, 250.48667907714844, 680.185302734375, 448.98333740234375], [291.259765625, 837.985107421875, 656.168212890625, 974.296630859375], [574.3892211914062, 1107.8602294921875, 800.0000610351562, 1217.225830078125], [35.31960678100586, 981.5138549804688, 303.8805847167969, 1106.6304931640625]]}