{"labels": [1], "scores": [0.9996395111083984], "bboxes": [[131.8742218017578, 210.7338409423828, 278.0326843261719, 279.4119567871094]]}