{"labels": [1, 1], "scores": [0.9976039528846741, 0.05893943831324577], "bboxes": [[268.18646240234375, 150.22080993652344, 292.62518310546875, 168.48104858398438], [0.0, 0.3336312174797058, 450.0, 269.80096435546875]]}