{"labels": [1], "scores": [0.9994452595710754], "bboxes": [[237.88124084472656, 38.918556213378906, 604.2615356445312, 208.5460205078125]]}