{"labels": [2], "scores": [0.9981608986854553], "bboxes": [[3352.744384765625, 662.640625, 4077.951416015625, 860.3838500976562]]}