{"labels": [1], "scores": [0.9996906518936157], "bboxes": [[263.5780334472656, 171.18223571777344, 383.5758972167969, 235.20291137695312]]}