{"labels": [0], "scores": [0.9998131394386292], "bboxes": [[0.33961182832717896, 191.76296997070312, 234.4853973388672, 293.4123229980469]]}