{"labels": [2, 2], "scores": [0.9975064396858215, 0.1539679914712906], "bboxes": [[2621.467041015625, 2228.13671875, 2854.9853515625, 2294.25634765625], [0.0, 1359.000732421875, 125.39517211914062, 1457.128662109375]]}