{"labels": [0, 0], "scores": [0.9993276596069336, 0.9988815188407898], "bboxes": [[156.81634521484375, 225.3740997314453, 321.3672790527344, 300.71844482421875], [385.1687927246094, 267.5569763183594, 479.382080078125, 315.2253112792969]]}