{"labels": [2], "scores": [0.9981784820556641], "bboxes": [[3302.30859375, 1181.23291015625, 3521.225341796875, 1255.7686767578125]]}