{"labels": [2, 2], "scores": [0.9995293617248535, 0.2937106192111969], "bboxes": [[3672.1865234375, 1524.650634765625, 3923.498291015625, 1670.102783203125], [10.745701789855957, 1758.460693359375, 435.63232421875, 1871.2664794921875]]}