{"labels": [2], "scores": [0.9990262985229492], "bboxes": [[3438.851806640625, 1406.3575439453125, 3686.782470703125, 1547.350341796875]]}