{"labels": [0], "scores": [0.9971954822540283], "bboxes": [[75.7887954711914, 85.9065170288086, 575.58984375, 233.2080535888672]]}