{"labels": [2], "scores": [0.999605119228363], "bboxes": [[2531.8974609375, 1120.6885986328125, 3278.583740234375, 1382.0845947265625]]}