{"labels": [2], "scores": [0.999397873878479], "bboxes": [[2526.658203125, 1155.5081787109375, 3379.904541015625, 1741.93408203125]]}