{"labels": [1], "scores": [0.9991849064826965], "bboxes": [[301.6985168457031, 181.95162963867188, 429.17266845703125, 243.1063995361328]]}