{"labels": [0, 0], "scores": [0.9982296824455261, 0.6489335298538208], "bboxes": [[457.6913146972656, 287.8133544921875, 600.5628051757812, 342.6097412109375], [423.15966796875, 274.6441345214844, 484.9798889160156, 296.42144775390625]]}