{"labels": [0], "scores": [0.999466598033905], "bboxes": [[0.6473755240440369, 203.88565063476562, 310.8333435058594, 339.4981994628906]]}