{"labels": [0, 0], "scores": [0.9996612071990967, 0.06377638876438141], "bboxes": [[79.92254638671875, 197.23214721679688, 308.9776916503906, 266.36273193359375], [11.03958797454834, 237.49075317382812, 27.119070053100586, 247.08885192871094]]}