{"labels": [0], "scores": [0.9995560050010681], "bboxes": [[414.9450378417969, 192.7074737548828, 639.1498413085938, 272.6092224121094]]}