{"labels": [2], "scores": [0.999081015586853], "bboxes": [[3046.3388671875, 2037.5574951171875, 3387.67041015625, 2262.860595703125]]}