{"labels": [0], "scores": [0.9996088147163391], "bboxes": [[421.3805847167969, 177.362060546875, 638.6982421875, 300.8892517089844]]}