{"labels": [0], "scores": [0.9996989965438843], "bboxes": [[173.24232482910156, 200.2965545654297, 509.348388671875, 331.6730651855469]]}