{"labels": [1], "scores": [0.99996018409729], "bboxes": [[48.889034271240234, 84.2196044921875, 752.4890747070312, 376.5517578125]]}