{"labels": [0, 1], "scores": [0.9987673759460449, 0.2534189820289612], "bboxes": [[206.10386657714844, 218.40966796875, 355.36456298828125, 279.1794128417969], [258.1654052734375, 429.23638916015625, 271.5200500488281, 439.6058044433594]]}