{"labels": [2], "scores": [0.9994692206382751], "bboxes": [[3013.61962890625, 1454.7584228515625, 4131.26123046875, 1871.9818115234375]]}