{"labels": [0], "scores": [0.999530553817749], "bboxes": [[533.410888671875, 225.0349578857422, 640.0, 295.52154541015625]]}