{"labels": [1], "scores": [0.9997718930244446], "bboxes": [[273.0193786621094, 131.01901245117188, 393.0707702636719, 203.5303955078125]]}