{"labels": [1], "scores": [0.9997954964637756], "bboxes": [[132.08155822753906, 111.43750762939453, 449.7294006347656, 216.6099090576172]]}