{"labels": [2], "scores": [0.9994428753852844], "bboxes": [[1104.822998046875, 583.6522827148438, 1440.38427734375, 712.3522338867188]]}