{"labels": [1], "scores": [0.9986091256141663], "bboxes": [[83.54597473144531, 347.7691955566406, 139.62046813964844, 375.3572692871094]]}