{"labels": [0], "scores": [0.9994425177574158], "bboxes": [[179.9591522216797, 178.39617919921875, 638.1110229492188, 277.2199401855469]]}