{"labels": [2], "scores": [0.999572217464447], "bboxes": [[3036.822509765625, 2038.205322265625, 3418.817626953125, 2261.195556640625]]}