{"labels": [2, 2], "scores": [0.7732535600662231, 0.17516833543777466], "bboxes": [[3507.955810546875, 1568.7337646484375, 3975.61181640625, 1700.343017578125], [892.0511474609375, 2217.45068359375, 1110.3309326171875, 2288.079345703125]]}