{"labels": [0, 0], "scores": [0.9997265934944153, 0.9980165958404541], "bboxes": [[0.0, 186.55056762695312, 228.6411590576172, 270.3616027832031], [297.4408874511719, 388.65606689453125, 359.211669921875, 410.7817077636719]]}