{"labels": [1], "scores": [0.9996260404586792], "bboxes": [[249.07318115234375, 124.76811981201172, 371.06805419921875, 178.91627502441406]]}