{"labels": [0], "scores": [0.9996246099472046], "bboxes": [[0.6507568359375, 146.83502197265625, 474.42022705078125, 286.0520935058594]]}