{"labels": [2], "scores": [0.9983466863632202], "bboxes": [[3889.008544921875, 1382.260498046875, 4143.84130859375, 1490.05029296875]]}