{"labels": [1, 1], "scores": [0.9998014569282532, 0.40539735555648804], "bboxes": [[106.1290283203125, 72.1578369140625, 797.2432250976562, 345.7677917480469], [536.2611083984375, 565.8844604492188, 617.88671875, 608.8279418945312]]}