{"labels": [2], "scores": [0.9982843995094299], "bboxes": [[2451.309814453125, 880.8698120117188, 2783.341796875, 1004.2059326171875]]}