{"labels": [1], "scores": [0.9995899796485901], "bboxes": [[85.6727294921875, 76.4097671508789, 202.14517211914062, 128.1942901611328]]}