{"labels": [0, 0, 0], "scores": [0.9982438087463379, 0.998207688331604, 0.1858508288860321], "bboxes": [[423.2762756347656, 270.7341003417969, 476.6146545410156, 297.8300476074219], [71.67494201660156, 211.06033325195312, 210.2841339111328, 256.7371520996094], [372.0041198730469, 267.4179382324219, 383.4716491699219, 277.2662658691406]]}