{"labels": [0], "scores": [0.9992351531982422], "bboxes": [[109.87507629394531, 150.3000030517578, 639.3191528320312, 277.2815856933594]]}