{"labels": [0, 0, 0, 0, 0, 0, 0], "scores": [0.9386422038078308, 0.9273594617843628, 0.7053497433662415, 0.6698680520057678, 0.5260009765625, 0.12206633388996124, 0.07806169241666794], "bboxes": [[227.00357055664062, 127.49189758300781, 640.0, 328.690185546875], [496.0138244628906, 247.5023193359375, 639.7973022460938, 333.0845031738281], [345.1412658691406, 209.9921417236328, 503.3847351074219, 294.8924865722656], [389.0210876464844, 107.02819061279297, 640.0, 257.4349670410156], [373.69873046875, 171.83445739746094, 640.0, 334.37445068359375], [452.4757995605469, 149.80349731445312, 638.8883666992188, 223.9570770263672], [232.6351318359375, 141.4268035888672, 514.9609375, 282.3122253417969]]}