{"labels": [2, 2], "scores": [0.9992432594299316, 0.08242130279541016], "bboxes": [[2991.993408203125, 1597.22314453125, 3341.32568359375, 1780.5802001953125], [3169.774169921875, 2579.458984375, 3251.098876953125, 2680.71923828125]]}