{"labels": [1, 1], "scores": [0.9059363007545471, 0.09520740061998367], "bboxes": [[269.3367614746094, 218.57875061035156, 283.127197265625, 227.9819793701172], [264.8913879394531, 216.4221954345703, 286.7061767578125, 229.20516967773438]]}