{"labels": [0], "scores": [0.9997912049293518], "bboxes": [[0.0, 169.9865264892578, 211.54336547851562, 291.6248474121094]]}