{"labels": [1], "scores": [0.9998088479042053], "bboxes": [[172.57464599609375, 246.48426818847656, 333.6758117675781, 335.4255065917969]]}