{"labels": [2, 2], "scores": [0.9996451139450073, 0.35454726219177246], "bboxes": [[2984.150146484375, 1269.72216796875, 3299.732177734375, 1506.2457275390625], [848.4920654296875, 2614.439453125, 1054.55078125, 2672.800048828125]]}