{"labels": [0], "scores": [0.9869126081466675], "bboxes": [[0.4064697325229645, 199.66781616210938, 154.36123657226562, 262.9736328125]]}