{"labels": [0], "scores": [0.9996792078018188], "bboxes": [[5.8935546875, 88.36189270019531, 629.1779174804688, 303.3213195800781]]}