{"labels": [0], "scores": [0.9997561573982239], "bboxes": [[473.4550476074219, 260.6231384277344, 639.0269165039062, 350.9611511230469]]}