{"labels": [0], "scores": [0.9991776347160339], "bboxes": [[8.38461971282959, 126.89154052734375, 611.4067993164062, 280.3334045410156]]}