{"labels": [0], "scores": [0.9995418787002563], "bboxes": [[414.2325134277344, 264.4297790527344, 570.9602661132812, 313.8022766113281]]}