{"labels": [0], "scores": [0.999294638633728], "bboxes": [[0.7269531488418579, 71.7525863647461, 631.6419677734375, 278.8315734863281]]}