{"labels": [1], "scores": [0.9992865920066833], "bboxes": [[79.0420913696289, 154.07077026367188, 518.8844604492188, 405.7207336425781]]}