{"labels": [0, 0], "scores": [0.9994799494743347, 0.09625797718763351], "bboxes": [[231.827392578125, 114.36309814453125, 639.6543579101562, 291.3343811035156], [0.2527450621128082, 297.2979431152344, 19.700990676879883, 308.88818359375]]}