{"labels": [1, 1, 1], "scores": [0.9762193560600281, 0.15215769410133362, 0.08092663437128067], "bboxes": [[330.64141845703125, 116.00786590576172, 360.3016052246094, 129.728271484375], [359.86566162109375, 329.6806945800781, 385.5497741699219, 343.19305419921875], [0.0, 362.4176330566406, 10.449580192565918, 371.0955810546875]]}