{"labels": [0], "scores": [0.9989701509475708], "bboxes": [[333.3279724121094, 202.2869110107422, 638.4215698242188, 289.2262268066406]]}