{"labels": [0, 0, 0], "scores": [0.9978430271148682, 0.8424293994903564, 0.15781818330287933], "bboxes": [[291.1352233886719, 257.2418518066406, 441.8125915527344, 305.1852111816406], [428.3258972167969, 279.3157653808594, 475.60528564453125, 296.8639831542969], [396.10791015625, 274.08197021484375, 476.404296875, 297.60174560546875]]}