{"labels": [0], "scores": [0.9997316002845764], "bboxes": [[59.03711700439453, 211.38687133789062, 186.8184356689453, 285.3079528808594]]}