{"labels": [1], "scores": [0.9993475079536438], "bboxes": [[182.56784057617188, 165.64759826660156, 343.4629821777344, 233.3326416015625]]}