{"labels": [0], "scores": [0.9988946318626404], "bboxes": [[445.5746154785156, 113.65625, 639.7536010742188, 290.8353271484375]]}