{"labels": [2, 2, 2], "scores": [0.9969852566719055, 0.09791719913482666, 0.050471946597099304], "bboxes": [[3048.54443359375, 2051.966796875, 3331.603271484375, 2177.39501953125], [3827.32080078125, 2562.009033203125, 3976.64208984375, 2633.419189453125], [3975.859375, 2459.310546875, 4069.39404296875, 2529.679931640625]]}