{"labels": [2], "scores": [0.9997466206550598], "bboxes": [[2792.71826171875, 1677.2423095703125, 3444.675537109375, 2021.9263916015625]]}