{"labels": [1], "scores": [0.9996170997619629], "bboxes": [[150.9749755859375, 198.7913360595703, 212.70657348632812, 245.7841033935547]]}