{"labels": [0], "scores": [0.999756395816803], "bboxes": [[47.9510383605957, 188.7588348388672, 385.3819274902344, 293.2897644042969]]}