{"labels": [0], "scores": [0.9994712471961975], "bboxes": [[94.1781005859375, 141.5615692138672, 640.0, 298.59747314453125]]}