{"labels": [1], "scores": [0.9997759461402893], "bboxes": [[129.60995483398438, 226.05758666992188, 179.75845336914062, 265.9477233886719]]}