{"labels": [2], "scores": [0.9969922304153442], "bboxes": [[2814.285400390625, 1837.27880859375, 3140.61279296875, 1954.3717041015625]]}