{"labels": [1], "scores": [0.9991763234138489], "bboxes": [[157.74842834472656, 74.27318572998047, 220.28257751464844, 105.9466552734375]]}