{"labels": [2], "scores": [0.9989746809005737], "bboxes": [[1555.26171875, 1731.903076171875, 2217.041015625, 2012.400634765625]]}