{"labels": [2, 2, 2, 2, 2], "scores": [0.9995013475418091, 0.9430610537528992, 0.502305269241333, 0.3831035792827606, 0.12806545197963715], "bboxes": [[3462.545166015625, 960.0420532226562, 4307.421875, 1237.5416259765625], [3843.645263671875, 2314.3759765625, 4023.166748046875, 2406.975341796875], [1110.72119140625, 454.05206298828125, 1258.5311279296875, 509.71697998046875], [3971.592041015625, 2402.7880859375, 4203.34375, 2527.687255859375], [4229.91015625, 1958.223876953125, 4492.4384765625, 2100.584716796875]]}