{"labels": [1], "scores": [0.9921918511390686], "bboxes": [[230.1294708251953, 274.8982238769531, 270.5085754394531, 300.0245056152344]]}