{"labels": [1], "scores": [0.9991353154182434], "bboxes": [[261.3169250488281, 184.55758666992188, 392.69635009765625, 228.88682556152344]]}