{"labels": [0], "scores": [0.9995352029800415], "bboxes": [[0.0, 188.03738403320312, 231.27842712402344, 263.67327880859375]]}