{"labels": [2], "scores": [0.9940136075019836], "bboxes": [[4335.07958984375, 2234.03662109375, 4485.29541015625, 2315.209716796875]]}