{"labels": [2], "scores": [0.9929515719413757], "bboxes": [[2620.7041015625, 2336.706298828125, 2809.9716796875, 2442.421630859375]]}