{"labels": [1], "scores": [0.9998224377632141], "bboxes": [[223.91903686523438, 226.80853271484375, 413.4912109375, 354.8409118652344]]}