{"labels": [0], "scores": [0.9996351003646851], "bboxes": [[362.2037353515625, 219.57864379882812, 563.3553466796875, 273.5815734863281]]}