{"labels": [0], "scores": [0.9980717897415161], "bboxes": [[250.5801239013672, 280.36419677734375, 311.10235595703125, 300.42987060546875]]}