{"labels": [0], "scores": [0.999818742275238], "bboxes": [[1.1884888410568237, 169.5320281982422, 330.8081970214844, 289.410888671875]]}