{"labels": [0], "scores": [0.9996870756149292], "bboxes": [[228.6469268798828, 235.23704528808594, 640.0, 342.7947692871094]]}