{"labels": [2], "scores": [0.9994285702705383], "bboxes": [[2333.9970703125, 1072.43505859375, 2657.634033203125, 1228.0372314453125]]}