{"labels": [0, 0], "scores": [0.998345136642456, 0.994889497756958], "bboxes": [[565.8679809570312, 302.8985595703125, 640.0, 346.9626770019531], [9.09598445892334, 298.15618896484375, 255.40562438964844, 349.2844543457031]]}