{"labels": [2], "scores": [0.9950123429298401], "bboxes": [[3817.410400390625, 1735.256103515625, 4036.202880859375, 1825.856689453125]]}