{"labels": [0], "scores": [0.999816358089447], "bboxes": [[456.30810546875, 211.56700134277344, 632.6740112304688, 294.02886962890625]]}