{"labels": [0], "scores": [0.9996101260185242], "bboxes": [[349.975830078125, 165.9346160888672, 639.9804077148438, 250.0421142578125]]}