{"labels": [0], "scores": [0.9997020363807678], "bboxes": [[257.4488220214844, 184.295166015625, 600.7868041992188, 288.7554626464844]]}