{"labels": [2], "scores": [0.9972338080406189], "bboxes": [[1540.660400390625, 2015.707275390625, 1685.988525390625, 2085.547607421875]]}