{"labels": [1], "scores": [0.9997332692146301], "bboxes": [[97.5343246459961, 147.85931396484375, 509.20758056640625, 302.8193664550781]]}