{"labels": [0, 0, 0], "scores": [0.9950584173202515, 0.9800635576248169, 0.09337016940116882], "bboxes": [[0.998486340045929, 305.1140441894531, 177.1841278076172, 338.02655029296875], [470.9125061035156, 308.9781188964844, 507.4660339355469, 327.9833984375], [379.5402526855469, 312.458251953125, 418.892578125, 327.7652282714844]]}