{"labels": [1], "scores": [0.9988656044006348], "bboxes": [[192.20689392089844, 307.9148864746094, 248.2495574951172, 333.3970031738281]]}