{"labels": [1], "scores": [0.9999017715454102], "bboxes": [[87.5924072265625, 65.09603118896484, 551.743896484375, 275.80206298828125]]}