{"labels": [2, 2], "scores": [0.9904493689537048, 0.4877067804336548], "bboxes": [[2379.855712890625, 1318.5975341796875, 3893.218017578125, 2237.690185546875], [3233.908447265625, 1651.5035400390625, 3950.54296875, 2292.635009765625]]}