{"labels": [1], "scores": [0.9997922778129578], "bboxes": [[213.5211639404297, 35.36384963989258, 546.8709106445312, 306.414794921875]]}