{"labels": [1], "scores": [0.9992107152938843], "bboxes": [[235.99185180664062, 131.66993713378906, 403.9149169921875, 222.3998565673828]]}