{"labels": [0, 0, 0, 0, 0, 0, 0, 0], "scores": [0.9984543323516846, 0.9817630648612976, 0.9526507258415222, 0.8177832365036011, 0.6345465779304504, 0.37354883551597595, 0.06311307102441788, 0.05183698236942291], "bboxes": [[458.8030700683594, 214.5277862548828, 640.0, 289.26715087890625], [154.36595153808594, 222.66360473632812, 366.0483703613281, 300.5706787109375], [3.700183153152466, 210.8775177001953, 286.56793212890625, 289.6579284667969], [181.74972534179688, 195.31117248535156, 363.7872009277344, 253.4608917236328], [4.514270305633545, 195.43756103515625, 363.8792419433594, 260.15533447265625], [0.0, 232.8478546142578, 199.73947143554688, 288.857666015625], [8.176281929016113, 212.280517578125, 256.093017578125, 255.8760223388672], [178.1248016357422, 213.6228790283203, 283.45147705078125, 252.14500427246094]]}