{"labels": [1, 1], "scores": [0.9997256398200989, 0.07911758124828339], "bboxes": [[117.20308685302734, 81.54733276367188, 184.01702880859375, 114.77031707763672], [493.2196350097656, 0.05545506626367569, 524.8233642578125, 6.343230724334717]]}