{"labels": [1], "scores": [0.9076235294342041], "bboxes": [[381.7893371582031, 110.95661926269531, 404.1813049316406, 122.31346130371094]]}