{"labels": [0, 0, 0, 0], "scores": [0.9980949759483337, 0.7040922045707703, 0.3736107051372528, 0.06945294141769409], "bboxes": [[0.6099609732627869, 213.5355682373047, 498.2738952636719, 324.8559875488281], [0.0, 227.26219177246094, 312.0263671875, 284.1586608886719], [155.50474548339844, 231.46397399902344, 304.2972106933594, 267.444580078125], [0.610491931438446, 226.0052032470703, 160.5370635986328, 310.1503601074219]]}