{"labels": [0], "scores": [0.9987537860870361], "bboxes": [[337.9023132324219, 291.77813720703125, 423.9619140625, 321.02642822265625]]}