{"labels": [1], "scores": [0.999767005443573], "bboxes": [[189.26333618164062, 130.5787811279297, 309.9899597167969, 189.9591827392578]]}