{"labels": [2], "scores": [0.97864830493927], "bboxes": [[3675.044921875, 1697.0521240234375, 4215.66357421875, 2166.116455078125]]}