{"labels": [2], "scores": [0.9990678429603577], "bboxes": [[3682.9443359375, 2692.61328125, 4618.958984375, 3046.863525390625]]}