{"labels": [0], "scores": [0.999893307685852], "bboxes": [[335.080078125, 253.30210876464844, 540.94921875, 367.7713317871094]]}