{"labels": [2], "scores": [0.9993069171905518], "bboxes": [[4107.54931640625, 2003.09375, 4536.65625, 2246.094482421875]]}