{"labels": [1], "scores": [0.9999185800552368], "bboxes": [[82.19805908203125, 83.64797973632812, 508.91094970703125, 277.4096984863281]]}