{"labels": [0, 0, 0], "scores": [0.9985617995262146, 0.9772281050682068, 0.3876486122608185], "bboxes": [[510.8118591308594, 303.4504699707031, 594.5565795898438, 332.8939208984375], [468.7343444824219, 308.0440673828125, 500.7431335449219, 325.9504699707031], [589.30322265625, 304.32373046875, 633.9166259765625, 327.2096252441406]]}