{"labels": [0, 0], "scores": [0.9964609742164612, 0.9845393300056458], "bboxes": [[0.818957507610321, 303.02459716796875, 177.4322509765625, 342.4950866699219], [471.610107421875, 309.263427734375, 508.181396484375, 327.60791015625]]}