{"labels": [1], "scores": [0.9996422529220581], "bboxes": [[227.22740173339844, 93.53031921386719, 566.7802124023438, 246.8657684326172]]}