{"labels": [0, 0, 0], "scores": [0.9934169054031372, 0.9885783195495605, 0.08551625907421112], "bboxes": [[508.3493347167969, 272.5987854003906, 620.47314453125, 325.2724609375], [410.8920593261719, 225.4972381591797, 604.0687255859375, 305.2273254394531], [411.4624938964844, 250.5649871826172, 512.3508911132812, 308.77154541015625]]}