{"labels": [0, 0, 0, 0], "scores": [0.9945067763328552, 0.9923762679100037, 0.47465217113494873, 0.3439529240131378], "bboxes": [[159.263427734375, 204.85818481445312, 317.43927001953125, 276.7564392089844], [157.5225372314453, 148.56961059570312, 638.6828002929688, 318.9966125488281], [160.07180786132812, 173.4903106689453, 398.7182922363281, 278.0945739746094], [294.2418518066406, 218.42344665527344, 639.8177490234375, 318.0774841308594]]}