{"labels": [0, 0], "scores": [0.9995612502098083, 0.1551874279975891], "bboxes": [[0.21614991128444672, 159.75389099121094, 341.7291564941406, 320.7333679199219], [0.0, 244.06631469726562, 209.28453063964844, 318.0470275878906]]}