{"labels": [0], "scores": [0.9996032118797302], "bboxes": [[390.6982421875, 268.5950622558594, 510.91632080078125, 311.52008056640625]]}