{"labels": [1], "scores": [0.9998804330825806], "bboxes": [[34.79364776611328, 113.65515899658203, 460.8531799316406, 315.5819091796875]]}