{"labels": [0], "scores": [0.9976305961608887], "bboxes": [[85.52107238769531, 290.2337951660156, 297.3770446777344, 324.8007507324219]]}