{"labels": [0], "scores": [0.9993639588356018], "bboxes": [[441.3477478027344, 291.06231689453125, 532.1896362304688, 322.0762634277344]]}