{"labels": [0], "scores": [0.9993841648101807], "bboxes": [[391.9718017578125, 277.9688415527344, 500.3260803222656, 320.2684326171875]]}