{"labels": [0, 0, 0], "scores": [0.9709054827690125, 0.7130946516990662, 0.22200383245944977], "bboxes": [[159.3207550048828, 209.5261688232422, 638.9946899414062, 299.6071472167969], [412.0843811035156, 209.72024536132812, 640.0, 315.4642333984375], [510.4347839355469, 234.1505584716797, 640.0, 312.9756774902344]]}