{"labels": [0], "scores": [0.9972871541976929], "bboxes": [[1.2251617908477783, 380.18988037109375, 56.8563117980957, 432.1993713378906]]}