{"labels": [0, 0, 0], "scores": [0.999299168586731, 0.9988433122634888, 0.4956301152706146], "bboxes": [[154.40374755859375, 285.85699462890625, 362.3669128417969, 343.6155700683594], [500.5988464355469, 315.9200439453125, 587.2269897460938, 349.16082763671875], [624.16259765625, 304.123779296875, 639.10498046875, 333.756103515625]]}