{"labels": [0, 0, 0, 0], "scores": [0.9903033375740051, 0.9892467856407166, 0.5587936639785767, 0.08555755764245987], "bboxes": [[94.1935806274414, 227.18374633789062, 488.9569396972656, 295.23956298828125], [441.7833557128906, 181.99014282226562, 639.8392944335938, 331.97735595703125], [79.3082275390625, 196.64688110351562, 637.0463256835938, 299.1150817871094], [506.2350158691406, 179.75, 639.7264404296875, 289.27642822265625]]}