{"labels": [0, 0, 0, 0], "scores": [0.9915493726730347, 0.36350879073143005, 0.31601664423942566, 0.146348237991333], "bboxes": [[0.0, 298.79608154296875, 68.39936828613281, 321.2042236328125], [292.9406433105469, 424.54058837890625, 302.10211181640625, 439.809814453125], [608.3822631835938, 314.8891296386719, 639.6964721679688, 333.09722900390625], [293.53765869140625, 424.73663330078125, 309.41461181640625, 438.54541015625]]}