{"labels": [2], "scores": [0.9991804957389832], "bboxes": [[3196.014892578125, 1490.8958740234375, 3567.260986328125, 1718.512939453125]]}