{"labels": [2, 2, 2, 2, 2, 2], "scores": [0.9722679257392883, 0.9440696239471436, 0.7538533806800842, 0.5840803980827332, 0.34009677171707153, 0.16860313713550568], "bboxes": [[1255.11328125, 1113.4486083984375, 2560.09423828125, 2018.1036376953125], [3406.22802734375, 1752.465087890625, 4471.9267578125, 2220.853759765625], [2387.31591796875, 1772.94873046875, 2594.071533203125, 2018.58544921875], [2280.255615234375, 907.990966796875, 2515.97412109375, 1182.9537353515625], [1181.031494140625, 918.4234008789062, 1407.4498291015625, 1177.4481201171875], [1194.365234375, 1759.3272705078125, 1381.2001953125, 2005.4195556640625]]}