{"labels": [1, 1, 1, 1], "scores": [0.9996337890625, 0.1829133927822113, 0.07787143439054489, 0.062114596366882324], "bboxes": [[251.309326171875, 139.4574432373047, 356.94940185546875, 189.9261932373047], [163.23512268066406, 338.8412780761719, 179.65069580078125, 345.79833984375], [158.470947265625, 335.4821472167969, 180.8933868408203, 345.856201171875], [156.05801391601562, 342.2524719238281, 184.0094451904297, 345.83404541015625]]}