{"labels": [0], "scores": [0.9996764659881592], "bboxes": [[0.0, 121.4070816040039, 500.8049011230469, 282.6767272949219]]}