{"labels": [0], "scores": [0.9997395873069763], "bboxes": [[70.73262786865234, 244.4940643310547, 185.00555419921875, 292.25604248046875]]}