{"labels": [1], "scores": [0.9998754262924194], "bboxes": [[112.04483032226562, 80.80992126464844, 494.45721435546875, 246.4159698486328]]}