{"labels": [0], "scores": [0.9965128302574158], "bboxes": [[376.2008972167969, 299.6622009277344, 503.9966735839844, 322.50970458984375]]}