{"labels": [1], "scores": [0.9989362359046936], "bboxes": [[234.03399658203125, 28.613677978515625, 362.4961242675781, 81.52641296386719]]}