{"labels": [0], "scores": [0.9986777901649475], "bboxes": [[3.141308546066284, 262.0133056640625, 450.95904541015625, 343.2500915527344]]}