{"labels": [1], "scores": [0.9999134540557861], "bboxes": [[123.79823303222656, 44.11390686035156, 540.6229858398438, 301.05438232421875]]}