{"labels": [1, 0, 1], "scores": [0.5677092671394348, 0.45733821392059326, 0.24960877001285553], "bboxes": [[155.79019165039062, 155.62899780273438, 169.54066467285156, 165.51614379882812], [0.0, 543.5983276367188, 44.48225021362305, 573.370849609375], [151.14553833007812, 152.75389099121094, 171.29904174804688, 166.94239807128906]]}