{"labels": [0, 0, 0, 0, 0, 0], "scores": [0.9995803236961365, 0.9992689490318298, 0.999268114566803, 0.9989843964576721, 0.9985039234161377, 0.05337030068039894], "bboxes": [[80.34527587890625, 283.9831237792969, 193.9308319091797, 338.0683288574219], [299.9092102050781, 255.5262908935547, 397.38494873046875, 300.76605224609375], [1.2759002447128296, 247.43601989746094, 77.0448989868164, 319.1767272949219], [538.7377319335938, 259.7399597167969, 618.58935546875, 298.2205810546875], [288.2030944824219, 295.5912170410156, 363.6553955078125, 333.98028564453125], [0.0, 258.3190612792969, 179.90257263183594, 313.7227478027344]]}