{"labels": [1], "scores": [0.9997273087501526], "bboxes": [[176.173828125, 103.272216796875, 432.7861022949219, 222.79373168945312]]}