{"labels": [0], "scores": [0.9997016787528992], "bboxes": [[405.030029296875, 205.43338012695312, 640.0, 300.3287353515625]]}