{"labels": [0, 0, 0], "scores": [0.998492956161499, 0.9867657423019409, 0.9747942090034485], "bboxes": [[253.42893981933594, 302.32843017578125, 422.7997131347656, 338.42730712890625], [116.76887512207031, 300.6695861816406, 273.7702941894531, 334.1875], [470.1005554199219, 309.11468505859375, 501.4399108886719, 325.5820617675781]]}