{"labels": [0, 0], "scores": [0.9924276471138, 0.9777719974517822], "bboxes": [[409.1711120605469, 263.476806640625, 635.4560546875, 325.7079772949219], [411.1076354980469, 264.2041320800781, 498.8607482910156, 328.3970947265625]]}