{"labels": [0, 0], "scores": [0.9998112320899963, 0.9990940093994141], "bboxes": [[489.9357604980469, 274.9801330566406, 605.9981689453125, 325.16070556640625], [162.57418823242188, 259.84368896484375, 402.381591796875, 307.6098937988281]]}