{"labels": [1], "scores": [0.9994426369667053], "bboxes": [[268.0771179199219, 166.67962646484375, 316.56378173828125, 189.17752075195312]]}