{"labels": [2], "scores": [0.999509334564209], "bboxes": [[2331.55322265625, 1073.145263671875, 3791.2080078125, 2121.395263671875]]}