{"labels": [0], "scores": [0.9996497631072998], "bboxes": [[1.279516577720642, 188.07376098632812, 454.67462158203125, 321.1551513671875]]}