{"labels": [0], "scores": [0.9940211176872253], "bboxes": [[148.73594665527344, 195.38836669921875, 638.6231079101562, 290.7015686035156]]}