{"labels": [0], "scores": [0.9996806383132935], "bboxes": [[319.7833557128906, 278.9231872558594, 639.0942993164062, 377.3028259277344]]}