{"labels": [0, 0], "scores": [0.9987097978591919, 0.996191143989563], "bboxes": [[487.67462158203125, 257.9218444824219, 639.8456420898438, 326.0171813964844], [0.09062500298023224, 242.47314453125, 50.7340202331543, 281.9161071777344]]}