{"labels": [0, 0, 0, 0, 0, 0, 0, 0, 0, 0, 0, 0], "scores": [0.9940702319145203, 0.9800700545310974, 0.5279873013496399, 0.25123295187950134, 0.19474685192108154, 0.1479674130678177, 0.09254477173089981, 0.09044664353132248, 0.06697225570678711, 0.05953972041606903, 0.0592365525662899, 0.05139213427901268], "bboxes": [[0.0023681640159338713, 198.80984497070312, 271.8860778808594, 341.5934753417969], [113.0909652709961, 165.9107666015625, 440.6355895996094, 289.7568664550781], [0.01881713978946209, 194.92724609375, 127.349365234375, 275.0400390625], [0.0, 189.9566650390625, 130.49143981933594, 227.97317504882812], [0.0, 180.79490661621094, 259.7710266113281, 224.34226989746094], [0.0, 185.30209350585938, 88.12159729003906, 250.3421630859375], [0.0, 201.5323944091797, 154.11920166015625, 237.9859619140625], [0.0, 195.13807678222656, 276.05523681640625, 270.6778259277344], [0.0, 206.10546875, 87.9088134765625, 313.3807678222656], [0.0, 245.93679809570312, 196.1425018310547, 338.9678649902344], [1.8523437976837158, 199.00680541992188, 79.35039520263672, 225.8065948486328], [24.64283561706543, 205.59849548339844, 87.55946350097656, 235.9355010986328]]}