{"labels": [0], "scores": [0.9994876384735107], "bboxes": [[138.96292114257812, 267.5179138183594, 427.2590026855469, 377.91583251953125]]}