{"labels": [0], "scores": [0.9994798302650452], "bboxes": [[24.01080894470215, 254.43310546875, 154.62344360351562, 295.953369140625]]}