{"labels": [2], "scores": [0.9965170621871948], "bboxes": [[3016.563232421875, 1579.263427734375, 3198.74072265625, 1679.1138916015625]]}