{"labels": [1], "scores": [0.9666334986686707], "bboxes": [[323.56048583984375, 178.49269104003906, 339.9390563964844, 186.85215759277344]]}