{"labels": [0, 0, 0, 0, 0, 0, 0, 0, 0, 0], "scores": [0.9931182861328125, 0.7706298232078552, 0.5661790370941162, 0.43132665753364563, 0.1428634524345398, 0.09277302771806717, 0.07946474105119705, 0.07025940716266632, 0.06610239297151566, 0.05471804365515709], "bboxes": [[448.49078369140625, 242.45986938476562, 640.0, 313.8290710449219], [461.7306213378906, 196.90626525878906, 635.6386108398438, 266.9837341308594], [462.4233093261719, 213.7864990234375, 593.1978149414062, 258.1728210449219], [525.7297973632812, 203.2975311279297, 635.3524780273438, 248.5895233154297], [460.83544921875, 203.57481384277344, 558.9151611328125, 240.6396484375], [531.08349609375, 204.41485595703125, 589.4218139648438, 226.72024536132812], [473.8269958496094, 211.5194854736328, 545.0553588867188, 234.052978515625], [554.6141967773438, 210.6689910888672, 629.0443725585938, 239.4770965576172], [480.236083984375, 206.19937133789062, 534.6093139648438, 228.6161651611328], [462.3365173339844, 219.20689392089844, 562.9393920898438, 245.5181121826172]]}