{"labels": [2], "scores": [0.9997441172599792], "bboxes": [[2357.19677734375, 1737.343017578125, 2840.031005859375, 2037.3125]]}