{"labels": [2], "scores": [0.9992126226425171], "bboxes": [[3544.339111328125, 1219.1539306640625, 3928.592041015625, 1449.734130859375]]}