{"labels": [0, 0, 0], "scores": [0.9994524121284485, 0.9982495903968811, 0.8273134231567383], "bboxes": [[426.4489440917969, 286.5035400390625, 525.9960327148438, 333.7851867675781], [273.8869934082031, 279.60504150390625, 367.2408447265625, 310.824951171875], [147.00082397460938, 274.3063659667969, 177.86578369140625, 286.74560546875]]}