{"labels": [0, 0], "scores": [0.9996923208236694, 0.9981234669685364], "bboxes": [[203.6260223388672, 253.20169067382812, 347.4073791503906, 317.1009216308594], [1.146307349205017, 232.10903930664062, 114.8388442993164, 274.8733825683594]]}