{"labels": [0, 0, 0, 0], "scores": [0.9966009259223938, 0.9296387434005737, 0.16580989956855774, 0.10128235071897507], "bboxes": [[35.64924240112305, 225.12059020996094, 294.24322509765625, 303.4937744140625], [32.40898513793945, 180.4862518310547, 281.6089782714844, 271.0177917480469], [143.01588439941406, 185.54281616210938, 298.025634765625, 260.7581787109375], [170.3828582763672, 184.43296813964844, 245.44956970214844, 250.5026397705078]]}