{"labels": [0, 0, 0, 0, 0], "scores": [0.9991043210029602, 0.9831883311271667, 0.8758549690246582, 0.285332053899765, 0.2489604353904724], "bboxes": [[72.67935180664062, 291.6755065917969, 231.2088623046875, 331.966796875], [470.5241394042969, 309.7321472167969, 500.73126220703125, 326.1507263183594], [0.0, 295.9836120605469, 35.5157470703125, 333.7911071777344], [230.3828887939453, 292.3602600097656, 291.4061279296875, 327.2343444824219], [419.4613952636719, 316.7311706542969, 434.1175231933594, 326.5501403808594]]}