{"labels": [2], "scores": [0.9988202452659607], "bboxes": [[4078.744873046875, 1209.818115234375, 4354.7177734375, 1341.965576171875]]}