{"labels": [1], "scores": [0.9997765421867371], "bboxes": [[129.58761596679688, 115.40158081054688, 462.7798156738281, 263.28765869140625]]}