{"labels": [2], "scores": [0.9990237951278687], "bboxes": [[3218.828125, 1080.95947265625, 3586.232666015625, 1361.292724609375]]}