{"labels": [1], "scores": [0.995938777923584], "bboxes": [[250.203857421875, 180.924560546875, 291.7742919921875, 200.87220764160156]]}