{"labels": [0, 0, 0, 0, 0, 0, 0, 0, 0], "scores": [0.9857336282730103, 0.9768746495246887, 0.9728828072547913, 0.958563506603241, 0.9428365230560303, 0.8834056258201599, 0.10558117926120758, 0.07986250519752502, 0.07901984453201294], "bboxes": [[271.57720947265625, 190.50315856933594, 632.6674194335938, 293.1118469238281], [584.3993530273438, 289.4665222167969, 640.0, 355.8403015136719], [276.52752685546875, 219.16233825683594, 375.29266357421875, 291.4941711425781], [0.7192444205284119, 220.06607055664062, 165.7765350341797, 321.439697265625], [359.0536804199219, 256.2157897949219, 640.0, 329.80078125], [590.8631591796875, 247.1793212890625, 638.779541015625, 296.61273193359375], [359.8923034667969, 274.3935241699219, 525.6871948242188, 328.7433776855469], [520.9966430664062, 186.92446899414062, 640.0, 300.3213806152344], [576.4329223632812, 184.13479614257812, 639.1506958007812, 356.3545227050781]]}