{"labels": [0], "scores": [0.9995390176773071], "bboxes": [[297.64715576171875, 277.807373046875, 393.7581787109375, 313.29327392578125]]}