{"labels": [2], "scores": [0.9983318448066711], "bboxes": [[2804.74951171875, 1884.295166015625, 3015.3408203125, 2003.017578125]]}