{"labels": [0, 0], "scores": [0.9961528182029724, 0.9806366562843323], "bboxes": [[95.74972534179688, 308.5060119628906, 264.92279052734375, 337.4120178222656], [471.7567443847656, 309.4096984863281, 507.9190368652344, 328.22601318359375]]}