{"labels": [0], "scores": [0.9996992349624634], "bboxes": [[394.0866394042969, 276.4648132324219, 525.1151733398438, 325.1632080078125]]}