{"labels": [0], "scores": [0.9979432225227356], "bboxes": [[299.2033386230469, 142.27447509765625, 638.6363525390625, 268.90899658203125]]}