{"labels": [1], "scores": [0.9997056126594543], "bboxes": [[89.95104217529297, 90.30474853515625, 505.5187072753906, 255.93392944335938]]}