{"labels": [1], "scores": [0.9999058246612549], "bboxes": [[294.3709716796875, 149.50405883789062, 532.010009765625, 262.6817626953125]]}