{"labels": [1], "scores": [0.9998206496238708], "bboxes": [[25.480226516723633, 233.03326416015625, 124.0118408203125, 330.8520202636719]]}