{"labels": [1], "scores": [0.9998346567153931], "bboxes": [[99.20972442626953, 110.64681243896484, 854.35009765625, 363.818359375]]}