{"labels": [1], "scores": [0.9999097585678101], "bboxes": [[8.820510864257812, 5.139198303222656, 403.40185546875, 367.0833740234375]]}