{"labels": [1], "scores": [0.9998763799667358], "bboxes": [[84.32804107666016, 158.44383239746094, 228.52471923828125, 304.46319580078125]]}