{"labels": [1, 1], "scores": [0.9998193383216858, 0.5274803042411804], "bboxes": [[85.45836639404297, 78.59114837646484, 164.5654754638672, 168.36302185058594], [13.421236991882324, 572.5322875976562, 36.13525390625, 599.3338623046875]]}