{"labels": [1], "scores": [0.9997642636299133], "bboxes": [[257.1278381347656, 248.53053283691406, 371.59649658203125, 341.7622985839844]]}