{"labels": [1], "scores": [0.9995661377906799], "bboxes": [[237.29196166992188, 194.713623046875, 313.4955749511719, 228.50941467285156]]}