{"labels": [1], "scores": [0.9934371113777161], "bboxes": [[171.7200469970703, 275.5098571777344, 189.758544921875, 289.3136901855469]]}