{"labels": [1], "scores": [0.9996008276939392], "bboxes": [[197.34857177734375, 250.08851623535156, 303.63372802734375, 310.42327880859375]]}