{"labels": [1], "scores": [0.9997677206993103], "bboxes": [[238.0682373046875, 326.3559265136719, 318.4815673828125, 364.47003173828125]]}