{"base_lr": 9.999999999999996e-06, "lr": 8.235429999999995e-07, "data_time": 0.03845375061035156, "loss": 1.9283175444602967, "loss_rpn_cls": 0.6122721892595291, "loss_rpn_bbox": 0.01410226359963417, "s0.loss_cls": 0.7469994546473027, "s0.acc": 99.12109375, "s0.loss_bbox": 0.02666912257205695, "s1.loss_cls": 0.3157178618013859, "s1.acc": 99.51171875, "s1.loss_bbox": 0.0034047685185214505, "s2.loss_cls": 0.20883085027337076, "s2.acc": 99.658203125, "s2.loss_bbox": 0.00032104314828757197, "time": 0.861090898513794, "epoch": 1, "iter": 50, "memory": 10184, "step": 50}
{"data_time": 0.007744269795937113, "time": 0.08879170323362445, "step": 1}
{"base_lr": 2.7599999999999956e-05, "lr": 2.272978679999997e-06, "data_time": 0.008636555671691894, "loss": 0.2303997626900673, "loss_rpn_cls": 0.06338887624442577, "loss_rpn_bbox": 0.010963743999600411, "s0.loss_cls": 0.07142320357263088, "s0.acc": 99.12109375, "s0.loss_bbox": 0.051087236758321525, "s1.loss_cls": 0.019826019611209632, "s1.acc": 99.658203125, "s1.loss_bbox": 0.0070689848135225474, "s2.loss_cls": 0.0059753870917484166, "s2.acc": 99.8046875, "s2.loss_bbox": 0.0006663082636077888, "time": 0.8136150121688843, "epoch": 2, "iter": 138, "memory": 10630, "step": 138}
{"coco/Precision@0.5": 0, "coco/Precision@0.75": 0, "coco/shape_precision": 0.0, "coco/helicopter_precision": 0.018, "coco/UAV_precision": 0.0, "coco/bbox_mAP": 0.006, "coco/bbox_mAP_50": 0.021, "coco/bbox_mAP_75": 0.001, "coco/bbox_mAP_s": 0.006, "coco/bbox_mAP_m": 0.001, "coco/bbox_mAP_l": 0.013, "data_time": 0.00980076836604698, "time": 0.08367430228813022, "step": 2}
{"base_lr": 4.519999999999993e-05, "lr": 3.7224143599999946e-06, "data_time": 0.010435547828674317, "loss": 0.2559186577796936, "loss_rpn_cls": 0.03176704814657569, "loss_rpn_bbox": 0.011225519627332687, "s0.loss_cls": 0.08637407392263413, "s0.acc": 98.291015625, "s0.loss_bbox": 0.08468605048954486, "s1.loss_cls": 0.02259409874677658, "s1.acc": 99.4140625, "s1.loss_bbox": 0.01163136709597893, "s2.loss_cls": 0.0064598227757960555, "s2.acc": 99.658203125, "s2.loss_bbox": 0.001180677073134575, "time": 0.8202621078491211, "epoch": 3, "iter": 226, "memory": 9217, "step": 226}
{"coco/Precision@0.5": 1.0, "coco/Precision@0.75": 0.0, "coco/shape_precision": 0.046, "coco/helicopter_precision": 0.146, "coco/UAV_precision": 0.0, "coco/bbox_mAP": 0.064, "coco/bbox_mAP_50": 0.208, "coco/bbox_mAP_75": 0.016, "coco/bbox_mAP_s": 0.104, "coco/bbox_mAP_m": 0.082, "coco/bbox_mAP_l": 0.05, "data_time": 0.009189348594815122, "time": 0.08450356651754941, "step": 3}
{"base_lr": 6.279999999999987e-05, "lr": 5.171850039999984e-06, "data_time": 0.016649556159973145, "loss": 0.23812811702489853, "loss_rpn_cls": 0.01665391539223492, "loss_rpn_bbox": 0.007880013245157897, "s0.loss_cls": 0.06663528554141522, "s0.acc": 97.75390625, "s0.loss_bbox": 0.09354435920715332, "s1.loss_cls": 0.023800675347447394, "s1.acc": 98.4375, "s1.loss_bbox": 0.019516872176900506, "s2.loss_cls": 0.007488375273533165, "s2.acc": 99.267578125, "s2.loss_bbox": 0.002608618866361212, "time": 0.8329291105270386, "epoch": 4, "iter": 314, "memory": 9957, "step": 314}
{"coco/Precision@0.5": 0.419, "coco/Precision@0.75": 0.141, "coco/shape_precision": 0.129, "coco/helicopter_precision": 0.317, "coco/UAV_precision": 0.146, "coco/bbox_mAP": 0.197, "coco/bbox_mAP_50": 0.531, "coco/bbox_mAP_75": 0.081, "coco/bbox_mAP_s": 0.158, "coco/bbox_mAP_m": 0.183, "coco/bbox_mAP_l": 0.2, "data_time": 0.007726963828591739, "time": 0.08428005844938989, "step": 4}
{"base_lr": 8.039999999999977e-05, "lr": 6.62128571999997e-06, "data_time": 0.029845237731933594, "loss": 0.23279570192098617, "loss_rpn_cls": 0.015250016110949218, "loss_rpn_bbox": 0.007541504204273224, "s0.loss_cls": 0.0528168360888958, "s0.acc": 98.876953125, "s0.loss_bbox": 0.08666133258491754, "s1.loss_cls": 0.024245264660567045, "s1.acc": 98.193359375, "s1.loss_bbox": 0.031112085301429032, "s2.loss_cls": 0.009081938993185759, "s2.acc": 97.65625, "s2.loss_bbox": 0.006086728658992797, "time": 0.8755179214477539, "epoch": 5, "iter": 402, "memory": 9753, "step": 402}
{"coco/Precision@0.5": 0.565, "coco/Precision@0.75": 0.254, "coco/shape_precision": 0.259, "coco/helicopter_precision": 0.445, "coco/UAV_precision": 0.28, "coco/bbox_mAP": 0.328, "coco/bbox_mAP_50": 0.766, "coco/bbox_mAP_75": 0.188, "coco/bbox_mAP_s": 0.253, "coco/bbox_mAP_m": 0.31, "coco/bbox_mAP_l": 0.329, "data_time": 0.00892963596418792, "time": 0.08736193413827933, "step": 5}
