{"base_lr": 0.0004, "lr": 0.0004, "data_time": 0.7947601784359325, "loss": 36.23744453083385, "loss_cls": 1.7402973418886012, "loss_bbox": 4.655281202359633, "loss_obj": 29.841866081411187, "time": 3.9132461005991157, "epoch": 1, "iter": 44, "memory": 5808, "step": 44}
