{"coco/Precision@0.5": 0.925, "coco/Precision@0.75": 0.804, "coco/ship_precision": 0.659, "coco/helicopter_precision": 0.766, "coco/UAV_precision": 0.666, "coco/bbox_mAP": 0.697, "coco/bbox_mAP_50": 0.978, "coco/bbox_mAP_75": 0.825, "coco/bbox_mAP_s": 0.517, "coco/bbox_mAP_m": 0.667, "coco/bbox_mAP_l": 0.731, "data_time": 0.014639212717464314, "time": 0.17369870997186918}